game_id,snapshot_utc,deadline_utc,kickoff_utc,home_ml,away_ml
2026_05_BAL_ATL,2026-10-10T09:23:37Z,2026-10-10T09:23:38Z,2026-10-12T00:20:00Z,-182.0,145.0
2026_05_CHI_GB,2026-10-10T09:23:37Z,2026-10-10T09:23:38Z,2026-10-11T17:00:00Z,102.0,-125.0
2026_05_CIN_MIA,2026-10-10T09:23:37Z,2026-10-10T09:23:38Z,2026-10-11T17:00:00Z,255.0,-333.0
2026_05_CLE_NYJ,2026-10-10T09:23:37Z,2026-10-10T09:23:38Z,2026-10-11T17:00:00Z,-143.0,115.0
2026_05_DEN_LAC,2026-10-10T09:23:37Z,2026-10-10T09:23:38Z,2026-10-11T20:05:00Z,155.0,-192.0
2026_05_DET_ARI,2026-10-10T09:23:37Z,2026-10-10T09:23:38Z,2026-10-11T20:25:00Z,200.0,-250.0
2026_05_HOU_TEN,2026-10-10T09:23:37Z,2026-10-10T09:23:38Z,2026-10-11T17:00:00Z,270.0,-357.0
2026_05_IND_PIT,2026-10-10T09:23:37Z,2026-10-10T09:23:38Z,2026-10-11T17:00:00Z,-147.0,120.0
2026_05_LV_NE,2026-10-10T09:23:37Z,2026-10-10T09:23:38Z,2026-10-11T17:00:00Z,-192.0,155.0
2026_05_MIN_NO,2026-10-10T09:23:37Z,2026-10-10T09:23:38Z,2026-10-11T17:00:00Z,115.0,-143.0
2026_05_NYG_WAS,2026-10-10T09:23:37Z,2026-10-10T09:23:38Z,2026-10-11T17:00:00Z,-182.0,145.0
2026_05_PHI_JAX,2026-10-10T09:23:37Z,2026-10-10T09:23:38Z,2026-10-11T13:30:00Z,-400.0,300.0
2026_05_SF_SEA,2026-10-10T09:23:37Z,2026-10-10T09:23:38Z,2026-10-11T20:25:00Z,-182.0,145.0
